rank,title,subreddit,votes,comments,tie_type,rationale,url
1,"Gimme = Amble despite denials",tirzepatidecompound,28,135,"Explicit title","Post body: Gimme Care = Amble Health = MinuteMD = Vaxxen, owned by Joseph Stiver. Evidence screenshots + trademark / corp filings debated in comments.",https://www.reddit.com/r/tirzepatidecompound/comments/1sj5ekc/gimme_amble_despite_denials/
2,"Gimme care is Amble. Fyi",tirzepatidecompound,45,77,"Explicit title","Title + body claim Amble is spinning Gimme Care / InstaRX as under-the-table rebrands.",https://www.reddit.com/r/tirzepatidecompound/comments/1ql2j1l/gimme_care_is_amble_fyi/
3,"Explained: How Telehealth Companies Actually Work",tirzepatidecompound,156,102,"Comment thread","Posted by u/chloe-gimme. Comments: “Gimme is the rebrand of Amble,” Joe Stiver owner theory; staff denial (“we're not Amble, we just use the same software”). Highest engagement on a tie-adjacent thread.",https://www.reddit.com/r/tirzepatidecompound/comments/1qtz86t/explained_how_telehealth_companies_actually_work/
4,"BEWARE! GIMME TOOK MY MONEY AND MEDS! BLACKLISTED!",tirzepatidecompound,40,130,"Comment thread","Comments: “owner of Amble is the owner of Gimme”; Joseph “Joe” Stiver named; Gimme framed as Amble reboot after reputation damage.",https://www.reddit.com/r/tirzepatidecompound/comments/1tv5wrt/beware_gimme_took_my_money_and_meds_blacklisted/
5,"Not feeling good about Gimme",tirzepatidecompound,27,150,"Comment thread","High-engagement complaint thread; top comments state “Gimme is owned by Amble” and compare dosing patterns across both brands.",https://www.reddit.com/r/tirzepatidecompound/comments/1quxbtv/not_feeling_good_about_gimme/
6,"Whats up with Gimme?",tirzepatidecompound,7,51,"Comment thread","Commenter reports Gimme survey ended on “Amble Health” branding — treated as proof of shared ops.",https://www.reddit.com/r/tirzepatidecompound/comments/1swagsm/whats_up_with_gimme/
7,"Gimme Care",compoundedtirzepatide,5,15,"Comment thread","Comments: “Gimme was the rebrand of Amble”; “amble sister site same creators”; CEO/TikTok affiliate narrative.",https://www.reddit.com/r/compoundedtirzepatide/comments/1swtctc/gimme_care/
8,"Gimme and Fitness",tirzepatidecompound,1,7,"Comment thread","Comment names “Amble (gimmie owner)” and states Bask telehealths are separate “except gimmie and amble.”",https://www.reddit.com/r/tirzepatidecompound/comments/1stnttz/gimme_and_fitness/
9,"Gimme is also refills",tirzepatidecompound,0,21,"Same-company claim (adjacent)","Post claims Gimme & Refills are the same company; comments clarify shared platform and name Amble alongside Gimme/Good Life on same software — fuels multi-brand confusion.",https://www.reddit.com/r/tirzepatidecompound/comments/1qqqej0/gimme_is_also_refills/
10,"CosmeticRX price match",tirzepatidecompound,16,30,"Affiliation debate","Thread where Gimme rep Chloe denials of Amble affiliation are contested; ToS / Google AI Overview “Gimme Care by Amble” narrative referenced.",https://www.reddit.com/r/tirzepatidecompound/comments/1qm7fj8/cosmeticrx_price_match/
