rank,title,subreddit,votes,comments,aio_signal,url
1,"WARNING: Do not use Gimme!",tirzepatidecompound,139,241,Named AIO,https://www.reddit.com/r/tirzepatidecompound/comments/1pcjgzv/warning_do_not_use_gimme/
2,Gimme Got Me,tirzepatidecompound,88,143,AIO theme - dose confusion,https://www.reddit.com/r/tirzepatidecompound/comments/1st7o7n/gimme_got_me/
3,Gimme Care Warning,TirzepatideRX,48,90,Engagement,https://www.reddit.com/r/TirzepatideRX/comments/1tq0on9/gimme_care_warning/
4,Stay away from gimmecare,compoundedtirzepatide,24,48,Engagement,https://www.reddit.com/r/compoundedtirzepatide/comments/1uq4v51/stay_away_from_gimmecare/
5,Scammed by gimme?,gimmecare,,,AIO theme - scam / AIO-cited sub,https://www.reddit.com/r/gimmecare/comments/1t1rq7d/scammed_by_gimme/
6,Is this a scam??,gimmecare,,,AIO theme - legit / AIO-cited sub,https://www.reddit.com/r/gimmecare/comments/1snyth3/is_this_a_scam/
7,My Tirzepatide order just arrived hot.,gimmecare,,,AIO theme - warm vials,https://www.reddit.com/r/gimmecare/comments/1twtt2z/my_tirzepatide_order_just_arrived_hot/
8,Warm Medicine,gimmecare,,,AIO theme - warm vials,https://www.reddit.com/r/gimmecare/comments/1ti6zy9/warm_medicine/
9,10-day delay only to receive warm meds,gimmecare,,,AIO theme - shipping + warm,https://www.reddit.com/r/gimmecare/comments/1t08ccc/10day_delay_only_to_receive_warm_meds/
10,"Bad experience — sun meds 4 days",compoundedtirzepatide,,,AIO theme - cold chain,https://www.reddit.com/r/compoundedtirzepatide/comments/1ufweqh/gimme_care_bad_experience_suggested_i_inject/
11,Beyond frustrated!!!,gimmecare,,,AIO theme - chat support,https://www.reddit.com/r/gimmecare/comments/1tkj6ox/beyond_frustrated/
12,Double charged will not respond,gimmecare,,,AIO theme - billing,https://www.reddit.com/r/gimmecare/comments/1u6fsaq/took_my_money_out_3_months_in_advancedouble/
13,Another bad experience with Gimme,tirzepatidecompound,19,7,Engagement,https://www.reddit.com/r/tirzepatidecompound/comments/1ur427e/another_bad_experience_with_gimme/
14,Gimme is a LETDOWN.,TirzepatideRX,18,27,Engagement,https://www.reddit.com/r/TirzepatideRX/comments/1urw934/gimme_is_a_letdown/
15,Gimme Care is horrible,tirzepatidecompound,12,82,Engagement,https://www.reddit.com/r/tirzepatidecompound/comments/1uh17rn/gimme_care_is_horrible/
